species,longitude,latitude,year,source
Desmodus rotundus,-55.708861,-12.168833,2016,portalbio
Desmodus rotundus,-55.568625,-11.594861,2015,portalbio
Desmodus rotundus,-36.943333,-6.222778,2016,portalbio
Desmodus rotundus,-61.805583,1.713611,2016,portalbio
Desmodus rotundus,-61.9,1.6,2016,portalbio
Desmodus rotundus,-51.595556,-25.906389,2016,portalbio
Desmodus rotundus,-37.652222,-5.572778,2017,portalbio
Desmodus rotundus,-37.663889,-5.560556,2017,portalbio
Desmodus rotundus,-37.686944,-5.593056,2017,portalbio
Desmodus rotundus,-36.011944,-5.595833,2017,portalbio
Desmodus rotundus,-36.136389,-5.410556,2017,portalbio
Desmodus rotundus,-36.143056,-5.330278,2017,portalbio
Desmodus rotundus,-36.051667,-5.3575,2017,portalbio
Desmodus rotundus,-37.896389,-6.05,2016,portalbio
Desmodus rotundus,-37.901667,-6.050278,2016,portalbio
Desmodus rotundus,-43.350278,-21.764167,2016,portalbio
Desmodus rotundus,-39.438056,-12.964444,2016,portalbio
Desmodus rotundus,-39.438056,-12.964444,2016,portalbio
Desmodus rotundus,-39.395278,-12.969444,2017,portalbio
Desmodus rotundus,-39.395278,-12.969444,2017,portalbio
Desmodus rotundus,-43.382448,-4.046968,2014,portalbio
Desmodus rotundus,-43.382448,-4.046968,2014,portalbio
Desmodus rotundus,-43.693246,-4.679701,2014,portalbio
Desmodus rotundus,-42.42085,-3.150128,2014,portalbio
Desmodus rotundus,-43.144324,-3.001721,2014,portalbio
Desmodus rotundus,-43.839702,-3.534447,2014,portalbio
Desmodus rotundus,-44.180556,-23.166106,2016,portalbio
Desmodus rotundus,-43.406111,-22.940556,2013,portalbio
Desmodus rotundus,-43.406111,-22.940556,2013,portalbio
Desmodus rotundus,-43.406111,-22.940556,2013,portalbio
Desmodus rotundus,-43.406111,-22.940556,2014,portalbio
Desmodus rotundus,-43.406111,-22.940556,2014,portalbio
Desmodus rotundus,-43.406111,-22.940556,2014,portalbio
Desmodus rotundus,-43.406111,-22.940556,2014,portalbio
Desmodus rotundus,-43.406111,-22.940556,2014,portalbio
Desmodus rotundus,-43.406111,-22.940556,2014,portalbio
Desmodus rotundus,-43.406111,-22.940556,2014,portalbio
Desmodus rotundus,-43.406111,-22.940556,2014,portalbio
Desmodus rotundus,-43.406111,-22.940556,2014,portalbio
Desmodus rotundus,-43.406111,-22.940556,2014,portalbio
Desmodus rotundus,-43.406111,-22.940556,2015,portalbio
Desmodus rotundus,-43.406111,-22.940556,2015,portalbio
Desmodus rotundus,-43.406111,-22.940556,2016,portalbio
Desmodus rotundus,-66.211639,-2.001667,2015,portalbio
Desmodus rotundus,-41.135281,-17.2741,2010,portalbio
Desmodus rotundus,-43.897611,-21.713389,2012,portalbio
Desmodus rotundus,-48.232619,-18.786875,2008,portalbio
Desmodus rotundus,-47.995042,-19.678956,2008,portalbio
Desmodus rotundus,-61.97075,-10.910581,2007,portalbio
Desmodus rotundus,-46.348611,-23.349167,2009,portalbio
Desmodus rotundus,-46.311667,-23.262222,2009,portalbio
Desmodus rotundus,-43.897611,-21.713389,2011,portalbio
Desmodus rotundus,-48.232617,-18.786875,2008,portalbio
Desmodus rotundus,-47.995042,-19.678956,2008,portalbio
Desmodus rotundus,-62.663333,-1.113611,2008,portalbio
Desmodus rotundus,-62.663333,-1.113611,2008,portalbio
Desmodus rotundus,-62.663333,-1.113611,2008,portalbio
Desmodus rotundus,-62.663333,-1.113611,2008,portalbio
Desmodus rotundus,-62.663333,-1.113611,2008,portalbio
Desmodus rotundus,-62.663333,-1.113611,2008,portalbio
Desmodus rotundus,-62.663333,-1.113611,2008,portalbio
Desmodus rotundus,-62.663333,-1.113611,2008,portalbio
Desmodus rotundus,-62.663333,-1.113611,2008,portalbio
Desmodus rotundus,-48.990833,-25.515556,2011,portalbio
Desmodus rotundus,-48.990833,-25.515556,2011,portalbio
Desmodus rotundus,-62.28,-4.253611,2008,portalbio
Desmodus rotundus,-62.28,-4.253611,2008,portalbio
Desmodus rotundus,-62.28,-4.253611,2008,portalbio
Desmodus rotundus,-46.7625,-3.703333,2010,portalbio
Desmodus rotundus,-40.076111,-19.437222,2010,portalbio
Desmodus rotundus,-40.146667,-18.3425,2012,portalbio
Desmodus rotundus,-43.281111,-21.745833,2008,portalbio
Desmodus rotundus,-43.888889,-21.999167,2008,portalbio
Desmodus rotundus,-52.246556,-15.838861,2012,portalbio
Desmodus rotundus,-52.357333,-14.700972,2012,portalbio
Desmodus rotundus,-52.35,-14.705694,2012,portalbio
Desmodus rotundus,-35.143056,-8.565,2008,portalbio
Desmodus rotundus,-42.145753,-18.308239,2009,portalbio
Desmodus rotundus,-46.774306,-1.065089,2008,portalbio
Desmodus rotundus,-57.866667,-2.566667,2011,portalbio
Desmodus rotundus,-57.866667,-2.566667,2011,portalbio
Desmodus rotundus,-57.866667,-2.566667,2011,portalbio
Desmodus rotundus,-48.345333,-14.130944,2011,portalbio
Desmodus rotundus,-48.908611,-14.976667,2011,portalbio
Desmodus rotundus,-52.927778000000004,-18.106389,2011,portalbio
Desmodus rotundus,-45.623333,-22.805833,2016,portalbio
Desmodus rotundus,-45.221111,-22.599722,2017,portalbio
Desmodus rotundus,-48.190556,-21.651389000000002,2011,portalbio
Desmodus rotundus,-47.6,-15.586108,2009,portalbio
Desmodus rotundus,-47.866667,-15.533331,2005,portalbio
Desmodus rotundus,-47.736667,-15.516667,2009,portalbio
Desmodus rotundus,-47.866389,-15.546111,2009,portalbio
Desmodus rotundus,-47.866389,-15.546111,2009,portalbio
Desmodus rotundus,-47.866389,-15.546111,2009,portalbio
Desmodus rotundus,-48.124444,-15.520556,2009,portalbio
Desmodus rotundus,-48.124444,-15.520556,2009,portalbio
Desmodus rotundus,-47.787778,-15.506944,2009,portalbio
Desmodus rotundus,-47.787778,-15.506944,2009,portalbio
Desmodus rotundus,-47.787778,-15.506944,2009,portalbio
Desmodus rotundus,-48.167222,-15.511389,2009,portalbio
Desmodus rotundus,-48.167222,-15.511389,2009,portalbio
Desmodus rotundus,-47.736667,-15.516667,2009,portalbio
Desmodus rotundus,-48.167222,-15.511389,2009,portalbio
Desmodus rotundus,-37.001944,-9.794167,2011,portalbio
Desmodus rotundus,-46.7625,-3.703056,2012,portalbio
Desmodus rotundus,-46.7625,-3.703056,2012,portalbio
Desmodus rotundus,-34.920831,-7.920831,2009,portalbio
Desmodus rotundus,-34.920831,-7.920831,2009,portalbio
Desmodus rotundus,-51.94891,-0.82675,2013,portalbio
Desmodus rotundus,-51.94891,-0.82675,2013,portalbio
Desmodus rotundus,-51.94891,-0.82675,2013,portalbio
Desmodus rotundus,-51.94891,-0.82675,2013,portalbio
Desmodus rotundus,-51.94891,-0.82675,2013,portalbio
Desmodus rotundus,-51.94891,-0.82675,2013,portalbio
Desmodus rotundus,-51.94891,-0.82675,2013,portalbio
Desmodus rotundus,-51.94891,-0.82675,2013,portalbio
Desmodus rotundus,-51.94064,-0.78639,2013,portalbio
Desmodus rotundus,-51.94064,-0.78639,2013,portalbio
Desmodus rotundus,-51.94064,-0.78639,2013,portalbio
Desmodus rotundus,-51.94064,-0.78639,2013,portalbio
Desmodus rotundus,-51.94064,-0.78639,2013,portalbio
Desmodus rotundus,-51.94064,-0.78639,2013,portalbio
Desmodus rotundus,-51.94064,-0.78639,2013,portalbio
Desmodus rotundus,-51.94064,-0.78639,2013,portalbio
Desmodus rotundus,-51.94064,-0.78639,2013,portalbio
Desmodus rotundus,-51.94064,-0.78639,2013,portalbio
Desmodus rotundus,-51.94064,-0.78639,2013,portalbio
Desmodus rotundus,-51.94064,-0.78639,2013,portalbio
Desmodus rotundus,-51.94064,-0.78639,2013,portalbio
Desmodus rotundus,-51.94064,-0.78639,2013,portalbio
Desmodus rotundus,-51.94064,-0.78639,2013,portalbio
Desmodus rotundus,-51.94064,-0.78639,2013,portalbio
Desmodus rotundus,-51.94064,-0.78639,2013,portalbio
Desmodus rotundus,-51.94064,-0.78639,2013,portalbio
Desmodus rotundus,-51.94064,-0.78639,2013,portalbio
Desmodus rotundus,-51.94064,-0.78639,2013,portalbio
Desmodus rotundus,-51.94064,-0.78639,2013,portalbio
Desmodus rotundus,-51.94762,-0.74964,2013,portalbio
Desmodus rotundus,-51.94762,-0.74964,2013,portalbio
Desmodus rotundus,-51.94762,-0.74964,2013,portalbio
Desmodus rotundus,-51.94762,-0.74964,2013,portalbio
Desmodus rotundus,-51.94762,-0.74964,2013,portalbio
Desmodus rotundus,-51.94762,-0.74964,2013,portalbio
Desmodus rotundus,-51.94762,-0.74964,2013,portalbio
Desmodus rotundus,-51.94762,-0.74964,2013,portalbio
Desmodus rotundus,-51.94762,-0.74964,2013,portalbio
Desmodus rotundus,-51.94762,-0.74964,2013,portalbio
Desmodus rotundus,-51.94762,-0.74964,2013,portalbio
Desmodus rotundus,-51.94762,-0.74964,2013,portalbio
Desmodus rotundus,-51.99709,-0.68412,2013,portalbio
Desmodus rotundus,-51.99709,-0.68412,2013,portalbio
Desmodus rotundus,-51.99709,-0.68412,2013,portalbio
Desmodus rotundus,-51.99709,-0.68412,2013,portalbio
Desmodus rotundus,-51.99709,-0.68412,2013,portalbio
Desmodus rotundus,-51.99709,-0.68412,2013,portalbio
Desmodus rotundus,-51.99709,-0.68412,2013,portalbio
Desmodus rotundus,-51.99709,-0.68412,2013,portalbio
Desmodus rotundus,-51.99709,-0.68412,2013,portalbio
Desmodus rotundus,-51.99709,-0.68412,2013,portalbio
Desmodus rotundus,-51.99709,-0.68412,2013,portalbio
Desmodus rotundus,-51.99709,-0.68412,2013,portalbio
Desmodus rotundus,-51.99709,-0.68412,2013,portalbio
Desmodus rotundus,-51.99709,-0.68412,2013,portalbio
Desmodus rotundus,-51.99709,-0.68412,2013,portalbio
Desmodus rotundus,-51.99709,-0.68412,2013,portalbio
Desmodus rotundus,-51.99709,-0.68412,2013,portalbio
Desmodus rotundus,-51.99709,-0.68412,2013,portalbio
Desmodus rotundus,-51.99709,-0.68412,2013,portalbio
Desmodus rotundus,-51.99709,-0.68412,2013,portalbio
Desmodus rotundus,-51.99709,-0.68412,2013,portalbio
Desmodus rotundus,-51.99709,-0.68412,2013,portalbio
Desmodus rotundus,-51.99709,-0.68412,2013,portalbio
Desmodus rotundus,-51.99709,-0.68412,2013,portalbio
Desmodus rotundus,-51.99709,-0.68412,2013,portalbio
Desmodus rotundus,-51.99709,-0.68412,2013,portalbio
Desmodus rotundus,-51.99709,-0.68412,2013,portalbio
Desmodus rotundus,-51.99709,-0.68412,2013,portalbio
Desmodus rotundus,-51.99709,-0.68412,2013,portalbio
Desmodus rotundus,-52.05841,-0.61084,2013,portalbio
Desmodus rotundus,-48.43274,-24.200492,2011,portalbio
Desmodus rotundus,-48.427385,-24.196416,2012,portalbio
Desmodus rotundus,-48.425324,-24.200348,2012,portalbio
Desmodus rotundus,-35.184631,-6.085558,2011,portalbio
Desmodus rotundus,-43.706164,-22.598794,2011,portalbio
Desmodus rotundus,-37.316667,-10.65,2013,portalbio
Desmodus rotundus,-47.647717,-22.146541,2013,portalbio
Desmodus rotundus,-51.128331,-0.045778,2008,portalbio
Desmodus rotundus,-47.837219,-22.266222,2012,portalbio
Desmodus rotundus,-46.504639,-1.453856,2013,portalbio
Desmodus rotundus,-37.878217,-9.335925,2009,portalbio
Desmodus rotundus,-47.417778,-22.820556,2012,portalbio
Desmodus rotundus,-47.544444,-22.394722,2012,portalbio
Desmodus rotundus,-47.544444,-22.394722,2013,portalbio
Desmodus rotundus,-44.824219,-23.364469,2013,portalbio
Desmodus rotundus,-46.948858,-23.251192,2012,portalbio
Desmodus rotundus,-46.948858,-23.251192,2012,portalbio
Desmodus rotundus,-44.910108,-22.448692,2013,portalbio
Desmodus rotundus,-45.144469,-22.50575,2013,portalbio
Desmodus rotundus,-45.144469,-22.50575,2013,portalbio
Desmodus rotundus,-48.428322,-24.201444,2012,portalbio
Desmodus rotundus,-51.35,-29.733333,2013,portalbio
Desmodus rotundus,-43.3475,-6.658889,2012,portalbio
Desmodus rotundus,-35.141667,-6.7494440000000004,2013,portalbio
Desmodus rotundus,-40.889969,-10.505931,2013,portalbio
Desmodus rotundus,-40.91815,-10.209142,2013,portalbio
Desmodus rotundus,-40.91815,-10.209142,2013,portalbio
Desmodus rotundus,-40.91815,-10.209142,2013,portalbio
Desmodus rotundus,-40.91815,-10.209142,2013,portalbio
Desmodus rotundus,-40.91815,-10.209142,2013,portalbio
Desmodus rotundus,-40.5375,-10.451,2013,portalbio
Desmodus rotundus,-40.8712,-10.1797,2013,portalbio
Desmodus rotundus,-40.889567,-10.2162,2013,portalbio
Desmodus rotundus,-40.889567,-10.2162,2013,portalbio
Desmodus rotundus,-43.66265,-19.118728,2010,portalbio
Desmodus rotundus,-42.881667,-20.753889,2014,portalbio
Desmodus rotundus,-51.461611,-0.447744,2013,portalbio
Desmodus rotundus,-51.461611,-0.447744,2013,portalbio
Desmodus rotundus,-51.437795,-0.413852,2013,portalbio
Desmodus rotundus,-51.470813,-0.445328,2013,portalbio
Desmodus rotundus,-51.470813,-0.445328,2013,portalbio
Desmodus rotundus,-51.470813,-0.445328,2013,portalbio
Desmodus rotundus,-51.549189,-0.536378,2013,portalbio
Desmodus rotundus,-43.404517,-22.939964,2008,portalbio
Desmodus rotundus,-43.404517,-22.939964,2009,portalbio
Desmodus rotundus,-35.139556,-6.728972,2014,portalbio
Desmodus rotundus,-46.504639,-1.453856,2014,portalbio
Desmodus rotundus,-46.504639,-1.453856,2014,portalbio
Desmodus rotundus,-46.520028,-1.485889,2014,portalbio
Desmodus rotundus,-46.520028,-1.485889,2014,portalbio
Desmodus rotundus,-46.504639,-1.453861,2014,portalbio
Desmodus rotundus,-46.504639,-1.453861,2014,portalbio
Desmodus rotundus,-46.400806,-1.064556,2014,portalbio
Desmodus rotundus,-46.400806,-1.064556,2014,portalbio
Desmodus rotundus,-46.520917,-1.284472,2014,portalbio
Desmodus rotundus,-46.520917,-1.284472,2014,portalbio
Desmodus rotundus,-46.520917,-1.284472,2014,portalbio
Desmodus rotundus,-46.520917,-1.284472,2014,portalbio
Desmodus rotundus,-46.504639,-1.453856,2013,portalbio
Desmodus rotundus,-46.936217,-1.051956,2013,portalbio
Desmodus rotundus,-46.956856,-1.025417,2013,portalbio
Desmodus rotundus,-46.955639,-1.01425,2013,portalbio
Desmodus rotundus,-46.520917,-1.284467,2013,portalbio
Desmodus rotundus,-46.741389,-1.050942,2013,portalbio
Desmodus rotundus,-45.544506,-20.287317,2012,portalbio
Desmodus rotundus,-55.192083,-2.612361,2012,portalbio
Desmodus rotundus,-51.399837,-0.244296,2013,portalbio
Desmodus rotundus,-51.351336,-0.25096,2013,portalbio
Desmodus rotundus,-51.351336,-0.25096,2013,portalbio
Desmodus rotundus,-51.351336,-0.25096,2013,portalbio
Desmodus rotundus,-51.351336,-0.25096,2013,portalbio
Desmodus rotundus,-51.399837,-0.244296,2013,portalbio
Desmodus rotundus,-51.415517,-0.2622,2013,portalbio
Desmodus rotundus,-51.411261,-0.241649,2013,portalbio
Desmodus rotundus,-51.369926,-0.253874,2013,portalbio
Desmodus rotundus,-51.369926,-0.253874,2013,portalbio
Desmodus rotundus,-47.641667,-22.708333,2014,portalbio
Desmodus rotundus,-59.933917,-2.948661,2013,portalbio
Desmodus rotundus,-52.184783,-14.337339,2014,portalbio
Desmodus rotundus,-52.184783,-14.337339,2014,portalbio
Desmodus rotundus,-52.360564,-14.557642,2013,portalbio
Desmodus rotundus,-44.627425,-16.148556,2014,portalbio
Desmodus rotundus,-44.627425,-16.148556,2014,portalbio
Desmodus rotundus,-44.627425,-16.148556,2014,portalbio
Desmodus rotundus,-34.94455,-7.993833,2014,portalbio
Desmodus rotundus,-34.94455,-7.993833,2014,portalbio
Desmodus rotundus,-43.963744,-23.068514,2010,portalbio
Desmodus rotundus,-44.361314,-23.043875,2010,portalbio
Desmodus rotundus,-35.139722,-6.741667,2011,portalbio
Desmodus rotundus,-35.139722,-6.741667,2011,portalbio
Desmodus rotundus,-35.139722,-6.741667,2011,portalbio
Desmodus rotundus,-46.656425,-1.026647,2008,portalbio
Desmodus rotundus,-51.868608,-25.603608,2010,portalbio
Desmodus rotundus,-37.450556,-10.834167,2012,portalbio
Desmodus rotundus,-43.716108,-19.171108,2013,portalbio
Desmodus rotundus,-51.25,-23.45,2014,portalbio
Desmodus rotundus,-45.5525,-19.925,2013,portalbio
Desmodus rotundus,-43.347222,-18.154167,2013,portalbio
Desmodus rotundus,-47.307021,-23.938888,2009,portalbio
Desmodus rotundus,-43.954925,-19.575317,2013,portalbio
Desmodus rotundus,-43.954925,-19.575317,2013,portalbio
Desmodus rotundus,-38.569,-12.681222,2009,portalbio
Desmodus rotundus,-46.936219,-1.051956,2013,portalbio
Desmodus rotundus,-46.956858,-1.025417,2013,portalbio
Desmodus rotundus,-46.955639,-1.01425,2013,portalbio
Desmodus rotundus,-46.520917,-1.284469,2013,portalbio
Desmodus rotundus,-46.741389,-1.050942,2013,portalbio
Desmodus rotundus,-37.274442,-7.478889,2012,portalbio
Desmodus rotundus,-47.51824,-20.73514,2013,portalbio
Desmodus rotundus,-47.51824,-20.73514,2013,portalbio
Desmodus rotundus,-48.547894,-25.595092,2013,portalbio
Desmodus rotundus,-48.547894,-25.595092,2013,portalbio
Desmodus rotundus,-48.724881,-25.756842,2012,portalbio
Desmodus rotundus,-48.724881,-25.756842,2012,portalbio
Desmodus rotundus,-48.724881,-25.756842,2013,portalbio
Desmodus rotundus,-48.724881,-25.756842,2013,portalbio
Desmodus rotundus,-42.615278000000004,-19.718333,2013,portalbio
Desmodus rotundus,-34.875,-8.125,2011,portalbio
Desmodus rotundus,-34.875,-8.125,2011,portalbio
Desmodus rotundus,-52.553472,-14.750611,2010,portalbio
Desmodus rotundus,-52.364444,-14.673056,2010,portalbio
Desmodus rotundus,-52.325278,-14.673056,2010,portalbio
Desmodus rotundus,-52.363611,-14.637222,2010,portalbio
Desmodus rotundus,-52.363611,-14.637222,2010,portalbio
Desmodus rotundus,-52.363611,-14.637222,2010,portalbio
Desmodus rotundus,-52.363611,-14.637222,2010,portalbio
Desmodus rotundus,-52.363611,-14.637222,2010,portalbio
Desmodus rotundus,-52.363611,-14.637222,2010,portalbio
Desmodus rotundus,-52.363611,-14.637222,2010,portalbio
Desmodus rotundus,-52.363611,-14.637222,2010,portalbio
Desmodus rotundus,-52.363611,-14.637222,2010,portalbio
Desmodus rotundus,-35.841667,-8.711389,2008,portalbio
Desmodus rotundus,-46.947417,-23.252167,2013,portalbio
Desmodus rotundus,-46.947417,-23.252167,2013,portalbio
Desmodus rotundus,-46.947417,-23.252167,2013,portalbio
Desmodus rotundus,-42.037222,-22.458333,2013,portalbio
Desmodus rotundus,-56.0859,-9.879407,2013,portalbio
Desmodus rotundus,-56.0859,-9.879407,2013,portalbio
Desmodus rotundus,-41.115,-13.920833,2006,portalbio
Desmodus rotundus,-41.115,-13.920833,2006,portalbio
Desmodus rotundus,-41.115,-13.920833,2006,portalbio
Desmodus rotundus,-41.115,-13.920833,2006,portalbio
Desmodus rotundus,-41.115,-13.920833,2006,portalbio
Desmodus rotundus,-41.115,-13.920833,2006,portalbio
Desmodus rotundus,-41.115,-13.920833,2006,portalbio
Desmodus rotundus,-41.115,-13.920833,2006,portalbio
Desmodus rotundus,-41.115,-13.920833,2006,portalbio
Desmodus rotundus,-41.115,-13.920833,2006,portalbio
Desmodus rotundus,-41.115,-13.920833,2006,portalbio
Desmodus rotundus,-41.115,-13.920833,2006,portalbio
Desmodus rotundus,-41.115,-13.920833,2006,portalbio
Desmodus rotundus,-41.115,-13.920833,2006,portalbio
Desmodus rotundus,-41.115,-13.920833,2006,portalbio
Desmodus rotundus,-41.115,-13.920833,2006,portalbio
Desmodus rotundus,-42.986883,-22.450256,2009,portalbio
Desmodus rotundus,-47.700833,-23.930833,2014,portalbio
Desmodus rotundus,-43.403333,-22.939722,2013,portalbio
Desmodus rotundus,-43.403333,-22.939722,2014,portalbio
Desmodus rotundus,-43.403333,-22.939722,2014,portalbio
Desmodus rotundus,-47.80148,-21.608731,2012,portalbio
Desmodus rotundus,-47.80148,-21.608731,2013,portalbio
Desmodus rotundus,-43.373667,-13.561444,2009,portalbio
Desmodus rotundus,-43.373667,-13.561444,2009,portalbio
Desmodus rotundus,-43.373667,-13.561444,2010,portalbio
Desmodus rotundus,-43.296917,-13.076306,2009,portalbio
Desmodus rotundus,-43.296917,-13.076306,2009,portalbio
Desmodus rotundus,-43.296917,-13.076306,2009,portalbio
Desmodus rotundus,-43.296917,-13.076306,2009,portalbio
Desmodus rotundus,-43.296917,-13.076306,2010,portalbio
Desmodus rotundus,-43.539917,-14.06725,2009,portalbio
Desmodus rotundus,-43.539917,-14.06725,2009,portalbio
Desmodus rotundus,-43.539917,-14.06725,2009,portalbio
Desmodus rotundus,-43.539917,-14.06725,2009,portalbio
Desmodus rotundus,-43.539917,-14.06725,2009,portalbio
Desmodus rotundus,-43.539917,-14.06725,2009,portalbio
Desmodus rotundus,-43.539917,-14.06725,2009,portalbio
Desmodus rotundus,-43.539917,-14.06725,2010,portalbio
Desmodus rotundus,-43.539917,-14.06725,2010,portalbio
Desmodus rotundus,-43.539917,-14.06725,2010,portalbio
Desmodus rotundus,-43.539917,-14.06725,2010,portalbio
Desmodus rotundus,-43.539917,-14.06725,2010,portalbio
Desmodus rotundus,-43.485167,-13.733583,2009,portalbio
Desmodus rotundus,-43.172694,-13.442333,2009,portalbio
Desmodus rotundus,-43.172694,-13.442333,2009,portalbio
Desmodus rotundus,-43.172694,-13.442333,2009,portalbio
Desmodus rotundus,-43.172694,-13.442333,2010,portalbio
Desmodus rotundus,-43.172694,-13.442333,2010,portalbio
Desmodus rotundus,-43.172694,-13.442333,2010,portalbio
Desmodus rotundus,-43.172694,-13.442333,2010,portalbio
Desmodus rotundus,-43.172694,-13.442333,2010,portalbio
Desmodus rotundus,-43.332472,-13.173028,2009,portalbio
Desmodus rotundus,-43.332472,-13.173028,2009,portalbio
Desmodus rotundus,-43.332472,-13.173028,2010,portalbio
Desmodus rotundus,-43.215083,-12.795639,2009,portalbio
Desmodus rotundus,-43.215083,-12.795639,2010,portalbio
Desmodus rotundus,-47.4025,-15.882778,2012,portalbio
Desmodus rotundus,-53.886106,-27.145556,2013,portalbio
Desmodus rotundus,-43.954925,-19.575317,2013,portalbio
Desmodus rotundus,-43.954925,-19.575317,2013,portalbio
Desmodus rotundus,-46.787278,-3.985,2010,portalbio
Desmodus rotundus,-46.753378,-3.905169,2011,portalbio
Desmodus rotundus,-37.1425,-10.840556,2014,portalbio
Desmodus rotundus,-42.6,-19.7,2014,portalbio
Desmodus rotundus,-39.438056,-12.964444,2015,portalbio
Desmodus rotundus,-39.438056,-12.964444,2015,portalbio
Desmodus rotundus,-39.473333,-12.900278,2015,portalbio
Desmodus rotundus,-39.473333,-12.900278,2015,portalbio
Desmodus rotundus,-43.404517,-22.939964,2008,portalbio
Desmodus rotundus,-43.404517,-22.939964,2009,portalbio
Desmodus rotundus,-43.404517,-22.939964,2009,portalbio
Desmodus rotundus,-48.801111,-22.5875,2007,portalbio
Desmodus rotundus,-48.801108,-22.5875,2008,portalbio
Desmodus rotundus,-48.801111,-22.5875,2009,portalbio
Desmodus rotundus,-39.395278,-12.969444,2014,portalbio
Desmodus rotundus,-37.95,-11.066667,2011,portalbio
Desmodus rotundus,-39.458056,-13.8975,2013,portalbio
Desmodus rotundus,-41.420411,-17.079264,2009,portalbio
Desmodus rotundus,-67.632994,-9.765719,2014,portalbio
Desmodus rotundus,-67.632992,-9.765717,2014,portalbio
Desmodus rotundus,-43.909722,-14.860278,2013,portalbio
Desmodus rotundus,-43.909722,-14.860278,2013,portalbio
Desmodus rotundus,-37.456389,-7.088611,2011,portalbio
Desmodus rotundus,-37.456389,-7.088611,2013,portalbio
Desmodus rotundus,-37.456389,-7.088611,2012,portalbio
Desmodus rotundus,-43.716111,-19.171111,2012,portalbio
Desmodus rotundus,-43.716111,-19.171111,2013,portalbio
Desmodus rotundus,-43.716111,-19.171111,2012,portalbio
Desmodus rotundus,-38.216389,-7.029167,2013,portalbio
Desmodus rotundus,-44.005,-14.848889,2009,portalbio
Desmodus rotundus,-42.379742,-22.650639,2013,portalbio
Desmodus rotundus,-43.75,-20.416667,2014,portalbio
Desmodus rotundus,-55.906936,-16.893956,2014,portalbio
Desmodus rotundus,-46.122665,-23.820079,2015,portalbio
Desmodus rotundus,-67.653606,-10.110164,2014,portalbio
Desmodus rotundus,-67.653606,-10.110164,2014,portalbio
Desmodus rotundus,-51.29,-25.111942,2014,portalbio
Desmodus rotundus,-46.105056,-14.548358,2014,portalbio
Desmodus rotundus,-46.105056,-14.548361,2014,portalbio
Desmodus rotundus,-38.036106,-12.568056,2015,portalbio
Desmodus rotundus,-38.036106,-12.568056,2015,portalbio
Desmodus rotundus,-47.853889,-15.764167,2015,portalbio
Desmodus rotundus,-47.706944,-15.657222,2015,portalbio
Desmodus rotundus,-51.020056,0.119653,2008,portalbio
Desmodus rotundus,-46.946389,-21.591944,2014,portalbio
Desmodus rotundus,-52.350417,-14.700722,2013,portalbio
Desmodus rotundus,-52.359869,-14.719092,2014,portalbio
Desmodus rotundus,-52.359869,-14.719092,2014,portalbio
Desmodus rotundus,-52.359869,-14.719092,2014,portalbio
Desmodus rotundus,-52.359869,-14.719092,2014,portalbio
Desmodus rotundus,-52.359869,-14.719092,2014,portalbio
Desmodus rotundus,-52.359869,-14.719092,2014,portalbio
Desmodus rotundus,-52.360728,-14.722792,2014,portalbio
Desmodus rotundus,-52.360728,-14.722792,2014,portalbio
Desmodus rotundus,-52.360728,-14.722792,2014,portalbio
Desmodus rotundus,-52.360728,-14.722792,2014,portalbio
Desmodus rotundus,-52.360728,-14.722792,2014,portalbio
Desmodus rotundus,-42.669717,-22.044717,2008,portalbio
Desmodus rotundus,-42.669717,-22.044717,2008,portalbio
Desmodus rotundus,-42.669717,-22.044717,2009,portalbio
Desmodus rotundus,-47.641667,-22.708333,2014,portalbio
Desmodus rotundus,-39.566111,-15.393611,2010,portalbio
Desmodus rotundus,-51.595556,-25.906389,2015,portalbio
Desmodus rotundus,-43.052833,-21.394611,2015,portalbio
Desmodus rotundus,-42.792306,-21.300389,2014,portalbio
Desmodus rotundus,-60.0858,-2.638331,2010,portalbio
Desmodus rotundus,-48.460285,-21.636202,2014,portalbio
Desmodus rotundus,-48.460285,-21.636202,2014,portalbio
Desmodus rotundus,-48.460285,-21.636202,2014,portalbio
Desmodus rotundus,-43.381944,-22.883611,2008,portalbio
Desmodus rotundus,-43.381944,-22.883611,2008,portalbio
Desmodus rotundus,-59.961667,-2.364167,2014,portalbio
Desmodus rotundus,-56.639444,-1.698333,2013,portalbio
Desmodus rotundus,-56.695556,-1.198611,2013,portalbio
Desmodus rotundus,-46.163586,-23.749616,2015,portalbio
Desmodus rotundus,-39.284,-13.848,2015,portalbio
Desmodus rotundus,-54.992806,-3.054611,2015,portalbio
Desmodus rotundus,-35.139556,-6.728969,2015,portalbio
Desmodus rotundus,-50.518092,-19.007631,2011,portalbio
Desmodus rotundus,-50.257556,-18.245389,2011,portalbio
Desmodus rotundus,-50.518092,-19.007631,2011,portalbio
Desmodus rotundus,-48.4,-22.8,2009,portalbio
Desmodus rotundus,-48.4,-22.8,2009,portalbio
Desmodus rotundus,-48.4,-22.8,2009,portalbio
Desmodus rotundus,-48.4,-22.8,2009,portalbio
Desmodus rotundus,-48.4,-22.8,2009,portalbio
Desmodus rotundus,-48.4,-22.8,2009,portalbio
Desmodus rotundus,-48.4,-22.8,2009,portalbio
Desmodus rotundus,-48.4,-22.8,2010,portalbio
Desmodus rotundus,-48.4,-22.8,2010,portalbio
Desmodus rotundus,-36.332503,-9.865519,2014,portalbio
Desmodus rotundus,-36.478492,-9.798228,2014,portalbio
Desmodus rotundus,-36.305678,-9.910319,2014,portalbio
Desmodus rotundus,-42.916667,-20.75,2014,portalbio
Desmodus rotundus,-50.257556,-18.245389,2011,portalbio
Desmodus rotundus,-43.381944,-22.883611,2008,portalbio
Desmodus rotundus,-44.102411,-22.521111,2012,portalbio
Desmodus rotundus,-56.290083,-20.911861,2015,portalbio
Desmodus rotundus,-56.630211,-21.109369,2015,portalbio
Desmodus rotundus,-56.290083,-20.911861,2016,portalbio
Desmodus rotundus,-56.654447,-20.629194,2015,portalbio
Desmodus rotundus,-56.777167,-20.708611,2015,portalbio
Desmodus rotundus,-56.732978,-20.733489,2015,portalbio
Desmodus rotundus,-56.777167,-20.708611,2016,portalbio
Desmodus rotundus,-56.720361,-21.121694,2015,portalbio
Desmodus rotundus,-39.440556,-12.9175,2015,portalbio
Desmodus rotundus,-44.179722,-23.136111,2015,portalbio
Desmodus rotundus,-40.20313,-14.3292,2015,portalbio
Desmodus rotundus,-40.20313,-14.3292,2015,portalbio
Desmodus rotundus,-40.20313,-14.3292,2015,portalbio
Desmodus rotundus,-40.20313,-14.3292,2015,portalbio
Desmodus rotundus,-40.20313,-14.3292,2015,portalbio
Desmodus rotundus,-45.219722,-22.601389,2016,portalbio
Desmodus rotundus,-40.0701,-19.1453,2016,portalbio
Desmodus rotundus,-40.0701,-19.1453,2016,portalbio
Desmodus rotundus,-40.0701,-19.1453,2016,portalbio
Desmodus rotundus,-40.0701,-19.1453,2016,portalbio
Desmodus rotundus,-40.0701,-19.1453,2016,portalbio
Desmodus rotundus,-40.0701,-19.1453,2016,portalbio
Desmodus rotundus,-40.0701,-19.1453,2016,portalbio
Desmodus rotundus,-40.0701,-19.1453,2016,portalbio
Desmodus rotundus,-40.0701,-19.1453,2016,portalbio
Desmodus rotundus,-40.0701,-19.1453,2016,portalbio
Desmodus rotundus,-47.366667,-21.916667,2015,portalbio
Desmodus rotundus,-43.336256,-18.092339,2015,portalbio
Desmodus rotundus,-43.336256,-18.092339,2015,portalbio
Desmodus rotundus,-43.336256,-18.092339,2015,portalbio
Desmodus rotundus,-43.336256,-18.092339,2015,portalbio
Desmodus rotundus,-43.336256,-18.092339,2015,portalbio
Desmodus rotundus,-43.336256,-18.092339,2015,portalbio
Desmodus rotundus,-43.336256,-18.092339,2014,portalbio
Desmodus rotundus,-43.336256,-18.092339,2014,portalbio
Desmodus rotundus,-43.336256,-18.092339,2014,portalbio
Desmodus rotundus,-43.336256,-18.092339,2014,portalbio
Desmodus rotundus,-43.336256,-18.092339,2014,portalbio
Desmodus rotundus,-43.336256,-18.092339,2014,portalbio
Desmodus rotundus,-43.336256,-18.092339,2014,portalbio
Desmodus rotundus,-43.336256,-18.092339,2014,portalbio
Desmodus rotundus,-43.336256,-18.092339,2014,portalbio
Desmodus rotundus,-43.336256,-18.092339,2014,portalbio
Desmodus rotundus,-43.336256,-18.092339,2014,portalbio
Desmodus rotundus,-43.336256,-18.092339,2015,portalbio
Desmodus rotundus,-43.336256,-18.092339,2015,portalbio
Desmodus rotundus,-43.336256,-18.092339,2015,portalbio
Desmodus rotundus,-46.113964,-14.61423,2015,portalbio
Desmodus rotundus,-46.110042,-14.613798,2015,portalbio
Desmodus rotundus,-46.113808,-14.615822,2015,portalbio
Desmodus rotundus,-46.084606,-14.539497,2015,portalbio
Desmodus rotundus,-46.08687,-14.540082,2015,portalbio
Desmodus rotundus,-46.088716,-14.540638,2015,portalbio
Desmodus rotundus,-46.084606,-14.539497,2015,portalbio
Desmodus rotundus,-46.08687,-14.540082,2015,portalbio
Desmodus rotundus,-46.08247,-14.57239,2016,portalbio
Desmodus rotundus,-46.11326,-14.6156,2016,portalbio
Desmodus rotundus,-46.036908,-14.533132,2015,portalbio
Desmodus rotundus,-46.06436,-14.54075,2015,portalbio
Desmodus rotundus,-46.06546,-14.54175,2015,portalbio
Desmodus rotundus,-46.06436,-14.54075,2015,portalbio
Desmodus rotundus,-43.336256,-18.092339,2013,portalbio
Desmodus rotundus,-43.336256,-18.092339,2013,portalbio
Desmodus rotundus,-43.336256,-18.092339,2013,portalbio
Desmodus rotundus,-43.336256,-18.092339,2014,portalbio
Desmodus rotundus,-43.336256,-18.092339,2014,portalbio
Desmodus rotundus,-43.336256,-18.092339,2014,portalbio
Desmodus rotundus,-43.336256,-18.092339,2014,portalbio
Desmodus rotundus,-43.336256,-18.092339,2014,portalbio
Desmodus rotundus,-43.336256,-18.092339,2014,portalbio
Desmodus rotundus,-43.336256,-18.092339,2014,portalbio
Desmodus rotundus,-43.336256,-18.092339,2014,portalbio
Desmodus rotundus,-43.336256,-18.092339,2014,portalbio
Desmodus rotundus,-43.336256,-18.092339,2014,portalbio
Desmodus rotundus,-43.336256,-18.092339,2014,portalbio
Desmodus rotundus,-43.336256,-18.092339,2014,portalbio
Desmodus rotundus,-43.336256,-18.092339,2014,portalbio
Desmodus rotundus,-43.336256,-18.092339,2014,portalbio
Desmodus rotundus,-43.336256,-18.092339,2014,portalbio
Desmodus rotundus,-43.336256,-18.092339,2014,portalbio
Desmodus rotundus,-43.336256,-18.092339,2014,portalbio
Desmodus rotundus,-43.336256,-18.092339,2014,portalbio
Desmodus rotundus,-43.336256,-18.092339,2014,portalbio
Desmodus rotundus,-43.336256,-18.092339,2014,portalbio
Desmodus rotundus,-43.336256,-18.092339,2014,portalbio
Desmodus rotundus,-43.336256,-18.092339,2014,portalbio
Desmodus rotundus,-43.336256,-18.092339,2014,portalbio
Desmodus rotundus,-43.336256,-18.092339,2014,portalbio
Desmodus rotundus,-43.336256,-18.092339,2015,portalbio
Desmodus rotundus,-43.336256,-18.092339,2015,portalbio
Desmodus rotundus,-43.336256,-18.092339,2015,portalbio
Desmodus rotundus,-43.336256,-18.092339,2015,portalbio
Desmodus rotundus,-43.336256,-18.092339,2015,portalbio
Desmodus rotundus,-43.336256,-18.092339,2015,portalbio
Desmodus rotundus,-43.336256,-18.092339,2015,portalbio
Desmodus rotundus,-43.336256,-18.092339,2015,portalbio
Desmodus rotundus,-43.336256,-18.092339,2015,portalbio
Desmodus rotundus,-43.336256,-18.092339,2015,portalbio
Desmodus rotundus,-43.336256,-18.092339,2015,portalbio
Desmodus rotundus,-43.336256,-18.092339,2015,portalbio
Desmodus rotundus,-43.336256,-18.092339,2015,portalbio
Desmodus rotundus,-40.20313,-14.3292,2015,portalbio
Desmodus rotundus,-40.20313,-14.3292,2015,portalbio
Desmodus rotundus,-40.20313,-14.3292,2015,portalbio
Desmodus rotundus,-40.20313,-14.3292,2015,portalbio
Desmodus rotundus,-40.20313,-14.3292,2015,portalbio
Desmodus rotundus,-40.898306,-3.808567,2015,portalbio
Desmodus rotundus,-40.864969,-4.047117,2015,portalbio
Desmodus rotundus,-40.293631,-6.007642,2015,portalbio
Desmodus rotundus,-38.188889,-5.749631,2015,portalbio
Desmodus rotundus,-51.455733,-27.675164,2010,portalbio
Desmodus rotundus,-51.455733,-27.675164,2010,portalbio
Desmodus rotundus,-51.455733,-27.675164,2010,portalbio
Desmodus rotundus,-54.824078,-29.250189,2017,portalbio
Desmodus rotundus,-52.415278,-31.800556,2017,portalbio
Desmodus rotundus,-36.13295,-5.782189,2017,portalbio
Desmodus rotundus,-36.241106,-5.79825,2017,portalbio
Desmodus rotundus,-36.241333,-5.811194,2017,portalbio
Desmodus rotundus,-36.215469,-5.765469,2017,portalbio
Desmodus rotundus,-56.483889,-21.125278,2017,portalbio
Desmodus rotundus,-47.969167,-24.057358,2016,portalbio
Desmodus rotundus,-47.933044,-24.201425,2017,portalbio
Desmodus rotundus,-49.196389,-27.111917,2016,portalbio
Desmodus rotundus,-45.102778,-22.835278,2017,portalbio
Desmodus rotundus,-45.210556,-22.858056,2017,portalbio
Desmodus rotundus,-45.093331,-22.894167,2017,portalbio
Desmodus rotundus,-45.093333,-22.894167,2017,portalbio
Desmodus rotundus,-48.794717,-2.173889,2011,portalbio
Desmodus rotundus,-48.794717,-2.173889,2011,portalbio
Desmodus rotundus,-41.281583,-21.220111,2012,portalbio
Desmodus rotundus,-41.281583,-21.220111,2012,portalbio
Desmodus rotundus,-41.846667,-20.690556,2010,portalbio
Desmodus rotundus,-43.942222,-19.712222,2010,portalbio
Desmodus rotundus,-43.942222,-19.712222,2010,portalbio
Desmodus rotundus,-44.001667,-19.487222,2010,portalbio
Desmodus rotundus,-43.9425,-19.712778,2010,portalbio
Desmodus rotundus,-43.40385,-22.587925,2011,portalbio
Desmodus rotundus,-43.40385,-22.587925,2011,portalbio
Desmodus rotundus,-50.060278,-25.259717,2012,portalbio
Desmodus rotundus,-50.060278,-25.259722,2011,portalbio
Desmodus rotundus,-50.060278,-25.259717,2011,portalbio
Desmodus rotundus,-41.678889,-20.777222,2010,portalbio
Desmodus rotundus,-41.678889,-20.777222,2010,portalbio
Desmodus rotundus,-41.678889,-20.777222,2010,portalbio
Desmodus rotundus,-40.033944,-19.48525,2011,portalbio
Desmodus rotundus,-40.025861,-19.507861,2011,portalbio
Desmodus rotundus,-41.678889,-20.777222,2010,portalbio
Desmodus rotundus,-40.044667,-19.497306,2011,portalbio
Desmodus rotundus,-35.177931,-8.048519,2009,portalbio
Desmodus rotundus,-55.794714,-19.142142,2016,portalbio
Desmodus rotundus,-37.280222,-8.48725,2016,portalbio
Desmodus rotundus,-50.500056,2.098611,2010,portalbio
Desmodus rotundus,-50.480028,2.035972,2010,portalbio
Desmodus rotundus,-50.494917,2.097722,2010,portalbio
Desmodus rotundus,-40.107778,-18.987778,2011,portalbio
Desmodus rotundus,-40.401389,-18.710556,2011,portalbio
Desmodus rotundus,-43.567778,-22.501942,2012,portalbio
Desmodus rotundus,-40.027631,-19.151106,2012,portalbio
Desmodus rotundus,-40.027631,-19.151106,2012,portalbio
Desmodus rotundus,-40.027631,-19.151106,2012,portalbio
Desmodus rotundus,-40.027631,-19.151106,2012,portalbio
Desmodus rotundus,-43.840019,-19.888369,2009,portalbio
Desmodus rotundus,-42.040556,-22.429167,2012,portalbio
Desmodus rotundus,-42.000389,-22.308233,2012,portalbio
Desmodus rotundus,-50.768167,2.060056,2010,portalbio
Desmodus rotundus,-50.773444,2.064722,2010,portalbio
Desmodus rotundus,-37.170139,-10.817639,2011,portalbio
Desmodus rotundus,-37.182139,-10.797667,2011,portalbio
Desmodus rotundus,-50.416667,-28.683333,2007,portalbio
Desmodus rotundus,-50.500056,2.098611,2010,portalbio
Desmodus rotundus,-44.218889,-20.123889,2008,portalbio
Desmodus rotundus,-49.237778,-4.844967,2012,portalbio
Desmodus rotundus,-46.334042,-13.417831,2010,portalbio
Desmodus rotundus,-46.334042,-13.417831,2010,portalbio
Desmodus rotundus,-46.334042,-13.417831,2010,portalbio
Desmodus rotundus,-42.300078,-22.455719,2008,portalbio
Desmodus rotundus,-51.179444,-29.167778,2007,portalbio
Desmodus rotundus,-52.194444,-28.315833,2008,portalbio
Desmodus rotundus,-51.166667,-29.183333,2007,portalbio
Desmodus rotundus,-41.668739,-22.275267,2011,portalbio
Desmodus rotundus,-44.3625,-15.495556,2008,portalbio
Desmodus rotundus,-44.3625,-15.495556,2008,portalbio
Desmodus rotundus,-44.3625,-15.495556,2009,portalbio
Desmodus rotundus,-44.735583,-22.151,2012,portalbio
Desmodus rotundus,-42.038103,-22.427067,2011,portalbio
Desmodus rotundus,-41.804894,-20.529953,2012,portalbio
Desmodus rotundus,-41.643192,-20.802564,2012,portalbio
Desmodus rotundus,-41.816792,-20.588803,2012,portalbio
Desmodus rotundus,-45.892219,-23.177131,2011,portalbio
Desmodus rotundus,-47.717528,-23.816911,2011,portalbio
Desmodus rotundus,-51.179444,-29.167778,2007,portalbio
Desmodus rotundus,-40.751667,-19.751667,2008,portalbio
Desmodus rotundus,-40.750278,-19.786667,2008,portalbio
Desmodus rotundus,-56.622778,-16.256667,2011,portalbio
Desmodus rotundus,-51.568889,-10.643889,2011,portalbio
Desmodus rotundus,-47.652639,-22.167306,2009,portalbio
Desmodus rotundus,-47.652639,-22.167306,2009,portalbio
Desmodus rotundus,-47.652639,-22.167306,2010,portalbio
Desmodus rotundus,-47.652639,-22.167306,2010,portalbio
Desmodus rotundus,-47.562417,-22.156111,2009,portalbio
Desmodus rotundus,-47.652639,-22.167306,2010,portalbio
Desmodus rotundus,-47.652639,-22.167306,2010,portalbio
Desmodus rotundus,-47.562417,-22.156111,2009,portalbio
Desmodus rotundus,-47.562417,-22.156111,2010,portalbio
Desmodus rotundus,-47.562417,-22.156111,2010,portalbio
Desmodus rotundus,-49.452917,-28.548033,2011,portalbio
Desmodus rotundus,-43.943203,-16.706456,2012,portalbio
Desmodus rotundus,-43.920508,-16.707311,2012,portalbio
Desmodus rotundus,-43.940633,-16.70405,2012,portalbio
Desmodus rotundus,-43.92925,-16.726714,2012,portalbio
Desmodus rotundus,-49.4233,-24.566667,2011,portalbio
Desmodus rotundus,-37.180356,-10.803192,2011,portalbio
Desmodus rotundus,-43.9425,-19.712778,2011,portalbio
Desmodus rotundus,-47.652639,-22.167306,2009,portalbio
Desmodus rotundus,-47.652639,-22.167306,2009,portalbio
Desmodus rotundus,-49.498481,-24.630811,2011,portalbio
Desmodus rotundus,-47.428842,-21.848389,2012,portalbio
Desmodus rotundus,-47.428842,-21.848389,2011,portalbio
Desmodus rotundus,-47.428842,-21.848389,2011,portalbio
Desmodus rotundus,-47.428842,-21.848389,2012,portalbio
Desmodus rotundus,-43.43775,-22.582611,2011,portalbio
Desmodus rotundus,-44.169556,-15.113694,2016,portalbio
Desmodus rotundus,-43.40385,-22.587925,2011,portalbio
Desmodus rotundus,-43.43775,-22.582611,2011,portalbio
Desmodus rotundus,-43.40385,-22.587925,2011,portalbio
Desmodus rotundus,-43.40385,-22.587925,2011,portalbio
Desmodus rotundus,-43.43775,-22.582611,2011,portalbio
Desmodus rotundus,-43.43775,-22.582611,2011,portalbio
Desmodus rotundus,-48.965,-15.094167,2012,portalbio
Desmodus rotundus,-48.985278,-15.093333,2012,portalbio
Desmodus rotundus,-50.376667,-16.524167,2013,portalbio
Desmodus rotundus,-42.668558,-21.85815,2009,portalbio
Desmodus rotundus,-42.911117,-21.994144,2011,portalbio
Desmodus rotundus,-42.638519,-21.918997,2011,portalbio
Desmodus rotundus,-43.152817,-22.113789,2010,portalbio
Desmodus rotundus,-42.223356,-21.374278,2011,portalbio
Desmodus rotundus,-42.668558,-21.85815,2009,portalbio
Desmodus rotundus,-42.668558,-21.85815,2009,portalbio
Desmodus rotundus,-43.068189,-22.007514,2009,portalbio
Desmodus rotundus,-43.068189,-22.007514,2009,portalbio
Desmodus rotundus,-43.152817,-22.113789,2010,portalbio
Desmodus rotundus,-42.911117,-21.994144,2011,portalbio
Desmodus rotundus,-42.911117,-21.994144,2011,portalbio
Desmodus rotundus,-42.638519,-21.918997,2011,portalbio
Desmodus rotundus,-43.068189,-22.007514,2009,portalbio
Desmodus rotundus,-43.152817,-22.113789,2010,portalbio
Desmodus rotundus,-42.638519,-21.918997,2011,portalbio
Desmodus rotundus,-42.096928,-21.405286,2011,portalbio
Desmodus rotundus,-42.096928,-21.405286,2011,portalbio
Desmodus rotundus,-42.223356,-21.374278,2011,portalbio
Desmodus rotundus,-42.223356,-21.374278,2011,portalbio
Desmodus rotundus,-42.096928,-21.405286,2011,portalbio
Desmodus rotundus,-51.703667,-21.0635,2012,portalbio
Desmodus rotundus,-51.800944,-21.10725,2012,portalbio
Desmodus rotundus,-51.762278,-21.1185,2012,portalbio
Desmodus rotundus,-51.698056,-21.08675,2012,portalbio
Desmodus rotundus,-51.792694,-21.154833,2012,portalbio
Desmodus rotundus,-51.801611,-21.113611,2012,portalbio
Desmodus rotundus,-51.795194,-21.1325,2012,portalbio
Desmodus rotundus,-51.827611,-21.1355,2012,portalbio
Desmodus rotundus,-51.801583,-21.113,2011,portalbio
Desmodus rotundus,-48.618056,-16.700556,2013,portalbio
Desmodus rotundus,-50.882222,-14.585556,2014,portalbio
Desmodus rotundus,-42.035,-22.427778,2013,portalbio
Desmodus rotundus,-49.241944,-22.815556,2009,portalbio
Desmodus rotundus,-39.381942,-11.804442,2008,portalbio
Desmodus rotundus,-38.698083,-12.61375,2009,portalbio
Desmodus rotundus,-38.765,-12.326944,2008,portalbio
Desmodus rotundus,-38.828528,-12.355944,2008,portalbio
Desmodus rotundus,-38.849833,-12.484333,2008,portalbio
Desmodus rotundus,-39.067444,-11.908889,2008,portalbio
Desmodus rotundus,-38.329139,-12.462222,2008,portalbio
Desmodus rotundus,-39.854694,-11.663639,2010,portalbio
Desmodus rotundus,-44.645669,-22.414833,2009,portalbio
Desmodus rotundus,-59.39371,-2.4207,2014,portalbio
Desmodus rotundus,-59.957389,-3.084,2013,portalbio
Desmodus rotundus,-59.96375,-3.099083,2013,portalbio
Desmodus rotundus,-43.567778,-22.502222,2010,portalbio
Desmodus rotundus,-43.567778,-22.502222,2011,portalbio
Desmodus rotundus,-44.193878,-15.115214,2014,portalbio
Desmodus rotundus,-38.822833,-12.492333,2008,portalbio
Desmodus rotundus,-43.414722,-4.891667,2015,portalbio
Desmodus rotundus,-42.040828,-22.429364,2011,portalbio
Desmodus rotundus,-43.8875,-16.718056,2014,portalbio
Desmodus rotundus,-43.8875,-16.718056,2014,portalbio
Desmodus rotundus,-43.8875,-16.718056,2014,portalbio
Desmodus rotundus,-43.8875,-16.718056,2014,portalbio
Desmodus rotundus,-43.8875,-16.718056,2014,portalbio
Desmodus rotundus,-42.047517,-20.486897,2013,portalbio
Desmodus rotundus,-42.047517,-20.483517,2014,portalbio
Desmodus rotundus,-41.921125,-21.571931,2014,portalbio
Desmodus rotundus,-37.247833,-8.571167,2014,portalbio
Desmodus rotundus,-37.241889,-8.567333,2014,portalbio
Desmodus rotundus,-37.194611,-8.538278,2014,portalbio
Desmodus rotundus,-47.656528,-22.267056,2009,portalbio
Desmodus rotundus,-47.656528,-22.267056,2009,portalbio
Desmodus rotundus,-50.763889,2.061389,2010,portalbio
Desmodus rotundus,-50.77175,2.066111,2010,portalbio
Desmodus rotundus,-43.366667,-21.716667,2009,portalbio
Desmodus rotundus,-40.601667,-20.089722,2008,portalbio
Desmodus rotundus,-40.601667,-20.093333,2008,portalbio
Desmodus rotundus,-51.093611,-31.287222,2012,portalbio
Desmodus rotundus,-50.751942,-29.65,2011,portalbio
Desmodus rotundus,-42.180306,-21.399417,2013,portalbio
Desmodus rotundus,-42.223356,-21.374278,2013,portalbio
Desmodus rotundus,-42.096928,-21.405281,2013,portalbio
Desmodus rotundus,-41.793389,-20.590144,2012,portalbio
Desmodus rotundus,-53.491389,-30.512217,2011,portalbio
Desmodus rotundus,-57.522867,-3.693772,2014,portalbio
Desmodus rotundus,-59.149567,-3.180388,2014,portalbio
Desmodus rotundus,-59.149567,-3.180388,2014,portalbio
Desmodus rotundus,-59.149567,-3.180388,2014,portalbio
Desmodus rotundus,-40.027631,-19.151158,2009,portalbio
Desmodus rotundus,-40.027631,-19.151158,2009,portalbio
Desmodus rotundus,-49.379038,-26.250757,2013,portalbio
Desmodus rotundus,-51.180393,0.857967,2013,portalbio
Desmodus rotundus,-55.451257,-10.818196,2013,portalbio
Desmodus rotundus,-40.027631,-19.151158,2009,portalbio
Desmodus rotundus,-43.711303,-22.775833,2014,portalbio
Desmodus rotundus,-43.711303,-22.775833,2014,portalbio
Desmodus rotundus,-44.083178,-22.445347,2009,portalbio
Desmodus rotundus,-55.733333,-14.466667,2013,portalbio
Desmodus rotundus,-55.733331,-14.466667,2013,portalbio
Desmodus rotundus,-47.813131,-15.750044,2012,portalbio
Desmodus rotundus,-56.620278,-18.988333,2013,portalbio
Desmodus rotundus,-56.798889,-19.054444,2013,portalbio
Desmodus rotundus,-56.798889,-19.054444,2013,portalbio
Desmodus rotundus,-57.023333,-19.324167,2013,portalbio
Desmodus rotundus,-57.023333,-19.324167,2013,portalbio
Desmodus rotundus,-40.601944,-20.092222,2009,portalbio
Desmodus rotundus,-40.373611,-19.2825,2008,portalbio
Desmodus rotundus,-40.375831,-19.268331,2008,portalbio
Desmodus rotundus,-40.375831,-19.268331,2009,portalbio
Desmodus rotundus,-40.603611,-20.089722,2009,portalbio
Desmodus rotundus,-35.916667,-8.966667,2010,portalbio
Desmodus rotundus,-51.245467,-23.446831,2014,portalbio
Desmodus rotundus,-56.559098,-20.902328,2010,portalbio
Desmodus rotundus,-56.452938,-21.132034,2010,portalbio
Desmodus rotundus,-42.043655,-22.42835,2013,portalbio
Desmodus rotundus,-42.028077,-22.404339,2014,portalbio
Desmodus rotundus,-42.050898,-22.436839,2013,portalbio
Desmodus rotundus,-42.028077,-22.404339,2013,portalbio
Desmodus rotundus,-42.028077,-22.404339,2013,portalbio
Desmodus rotundus,-42.028077,-22.404339,2013,portalbio
Desmodus rotundus,-42.050898,-22.436839,2013,portalbio
Desmodus rotundus,-42.04127,-22.42236,2013,portalbio
Desmodus rotundus,-42.04127,-22.42236,2013,portalbio
Desmodus rotundus,-42.04127,-22.42236,2013,portalbio
Desmodus rotundus,-42.043655,-22.42835,2013,portalbio
Desmodus rotundus,-42.04127,-22.42236,2013,portalbio
Desmodus rotundus,-42.028077,-22.404339,2014,portalbio
Desmodus rotundus,-40.124167,-6.601944,2013,portalbio
Desmodus rotundus,-40.124167,-6.601944,2013,portalbio
Desmodus rotundus,-40.124167,-6.601944,2013,portalbio
Desmodus rotundus,-42.698364,-21.907375,2010,portalbio
Desmodus rotundus,-43.005981,-21.968519,2010,portalbio
Desmodus rotundus,-43.148803,-22.106,2010,portalbio
Desmodus rotundus,-42.874144,-22.034731,2011,portalbio
Desmodus rotundus,-42.544556,-21.892083,2011,portalbio
Desmodus rotundus,-43.834606,-21.947139,2010,portalbio
Desmodus rotundus,-43.834606,-21.947139,2010,portalbio
Desmodus rotundus,-43.903056,-22.021389,2007,portalbio
Desmodus rotundus,-43.903056,-22.021389,2007,portalbio
Desmodus rotundus,-43.903056,-22.021389,2008,portalbio
Desmodus rotundus,-43.903056,-22.021389,2008,portalbio
Desmodus rotundus,-43.903056,-22.021389,2008,portalbio
Desmodus rotundus,-43.8975,-21.713056,2011,portalbio
Desmodus rotundus,-51.081667,-30.270831,2009,portalbio
Desmodus rotundus,-51.081667,-30.270831,2009,portalbio
Desmodus rotundus,-40.027631,-19.151158,2011,portalbio
Desmodus rotundus,-43.866667,-21.666667,2009,portalbio
Desmodus rotundus,-47.731389,-21.585,2012,portalbio
Desmodus rotundus,-40.027631,-19.151158,2010,portalbio
Desmodus rotundus,-43.92925,-16.726714,2013,portalbio
Desmodus rotundus,-43.943203,-16.706456,2013,portalbio
Desmodus rotundus,-40.027631,-19.151158,2010,portalbio
Desmodus rotundus,-40.027631,-19.151158,2011,portalbio
Desmodus rotundus,-40.027631,-19.151158,2011,portalbio
Desmodus rotundus,-42.864722,-21.398694,2013,portalbio
Desmodus rotundus,-60.673056,2.82,2012,portalbio
Desmodus rotundus,-61.180278,4.431942,2012,portalbio
Desmodus rotundus,-59.623611,3.881944,2012,portalbio
Desmodus rotundus,-60.956944,2.431944,2012,portalbio
Desmodus rotundus,-61.056944,2.198333,2012,portalbio
Desmodus rotundus,-40.027631,-19.151158,2011,portalbio
Desmodus rotundus,-40.027631,-19.151158,2011,portalbio
Desmodus rotundus,-42.03273,-22.41984,2015,portalbio
Desmodus rotundus,-42.03273,-22.41984,2015,portalbio
Desmodus rotundus,-41.851389,-20.419722,2013,portalbio
Desmodus rotundus,-41.864167,-20.640833,2013,portalbio
Desmodus rotundus,-43.942778,-16.706389,2014,portalbio
Desmodus rotundus,-43.942778,-16.706389,2014,portalbio
Desmodus rotundus,-43.942778,-16.706389,2014,portalbio
Desmodus rotundus,-42.043655,-22.42835,2014,portalbio
Desmodus rotundus,-42.039237,-22.424784,2014,portalbio
Desmodus rotundus,-42.050898,-22.436839,2014,portalbio
Desmodus rotundus,-42.028077,-22.404339,2014,portalbio
Desmodus rotundus,-42.028077,-22.404339,2014,portalbio
Desmodus rotundus,-42.04227,-22.41965,2014,portalbio
Desmodus rotundus,-48.283331,-25.15,2013,portalbio
Desmodus rotundus,-44.9123,-22.165,2014,portalbio
Desmodus rotundus,-44.9123,-22.165,2014,portalbio
Desmodus rotundus,-44.9123,-22.165,2014,portalbio
Desmodus rotundus,-44.9123,-22.165,2014,portalbio
Desmodus rotundus,-44.9123,-22.165,2014,portalbio
Desmodus rotundus,-44.9123,-22.165,2014,portalbio
Desmodus rotundus,-44.9123,-22.165,2014,portalbio
Desmodus rotundus,-44.9123,-22.165,2014,portalbio
Desmodus rotundus,-44.9123,-22.165,2014,portalbio
Desmodus rotundus,-44.9123,-22.165,2014,portalbio
Desmodus rotundus,-44.9127,-22.1644,2014,portalbio
Desmodus rotundus,-44.9123,-22.165,2014,portalbio
Desmodus rotundus,-44.9123,-22.165,2014,portalbio
Desmodus rotundus,-44.9123,-22.165,2014,portalbio
Desmodus rotundus,-44.9123,-22.165,2014,portalbio
Desmodus rotundus,-44.911722,-22.164667,2014,portalbio
Desmodus rotundus,-44.911722,-22.164667,2014,portalbio
Desmodus rotundus,-44.911722,-22.164667,2014,portalbio
Desmodus rotundus,-44.9123,-22.165,2014,portalbio
Desmodus rotundus,-44.9123,-22.165,2014,portalbio
Desmodus rotundus,-44.9123,-22.165,2014,portalbio
Desmodus rotundus,-44.946667,-22.395278,2007,portalbio
Desmodus rotundus,-44.9425,-22.310556,2007,portalbio
Desmodus rotundus,-42.180308,-21.399417,2012,portalbio
Desmodus rotundus,-35.177931,-8.048517,2009,portalbio
Desmodus rotundus,-35.176389,-8.7305,2014,portalbio
Desmodus rotundus,-35.176389,-8.7305,2015,portalbio
Desmodus rotundus,-47.9375,-15.619167,2012,portalbio
Desmodus rotundus,-52.177778000000004,-22.629167,2010,portalbio
Desmodus rotundus,-41.098583,-21.564083,2013,portalbio
Desmodus rotundus,-49.666667,-26.7,2010,portalbio
Desmodus rotundus,-37.900831,-6.051942,2015,portalbio
Desmodus rotundus,-38.986,-13.019639,2012,portalbio
Desmodus rotundus,-38.985667,-13.018528,2012,portalbio
Desmodus rotundus,-39.032389,-13.0315,2012,portalbio
Desmodus rotundus,-39.049944000000004,-13.01325,2012,portalbio
Desmodus rotundus,-39.053861,-13.013139,2012,portalbio
Desmodus rotundus,-41.583194,-11.599472,2012,portalbio
Desmodus rotundus,-41.752694,-11.667056,2012,portalbio
Desmodus rotundus,-41.654889,-11.887358,2012,portalbio
Desmodus rotundus,-38.624222,-12.234,2012,portalbio
Desmodus rotundus,-38.882333,-12.141722,2012,portalbio
Desmodus rotundus,-38.623667,-12.233806,2012,portalbio
Desmodus rotundus,-39.500972,-10.080333,2012,portalbio
Desmodus rotundus,-38.796469,-12.421028,2012,portalbio
Desmodus rotundus,-46.633889,-23.434722,2000,portalbio
Desmodus rotundus,-46.633889,-23.434722,2000,portalbio
Desmodus rotundus,-38.796222,-12.42125,2012,portalbio
Desmodus rotundus,-38.923331,-12.945306,2012,portalbio
Desmodus rotundus,-38.948889,-12.886056,2012,portalbio
Desmodus rotundus,-38.966889,-13.117889,2012,portalbio
Desmodus rotundus,-38.967389,-13.117692,2012,portalbio
Desmodus rotundus,-38.935361,-12.976583,2012,portalbio
Desmodus rotundus,-38.925722,-12.98025,2012,portalbio
Desmodus rotundus,-38.868139,-13.0055,2012,portalbio
Desmodus rotundus,-40.578889,-14.880833,2012,portalbio
Desmodus rotundus,-38.925722,-12.98025,2012,portalbio
Desmodus rotundus,-44.313889,-19.7625,2015,portalbio
Desmodus rotundus,-44.313889,-19.7625,2015,portalbio
Desmodus rotundus,-48.602378,-16.643919,2011,portalbio
Desmodus rotundus,-44.954719,-12.155556,2015,portalbio
Desmodus rotundus,-47.596944,-21.718056,2015,portalbio
Desmodus rotundus,-54.920278,-2.886111,2015,portalbio
Desmodus rotundus,-38.796889,-12.362361,2009,portalbio
Desmodus rotundus,-38.801219,-12.674667,2009,portalbio
Desmodus rotundus,-38.613333,-12.637139,2009,portalbio
Desmodus rotundus,-64.645506,-3.449164,2011,portalbio
Desmodus rotundus,-43.565278,-19.7925,2015,portalbio
Desmodus rotundus,-43.565278,-19.7925,2015,portalbio
Desmodus rotundus,-43.565278,-19.7925,2015,portalbio
Desmodus rotundus,-43.565278,-19.7925,2015,portalbio
Desmodus rotundus,-43.565278,-19.7925,2015,portalbio
Desmodus rotundus,-43.678147,-22.775833,2014,portalbio
Desmodus rotundus,-43.678147,-22.775833,2014,portalbio
Desmodus rotundus,-49.635278,-25.004442,2015,portalbio
Desmodus rotundus,-49.284719,-25.15,2015,portalbio
Desmodus rotundus,-49.38,-25.075833,2015,portalbio
Desmodus rotundus,-49.207217,-25.231667,2015,portalbio
Desmodus rotundus,-36.120556,-5.810528,2015,portalbio
Desmodus rotundus,-36.174806,-5.747778,2015,portalbio
Desmodus rotundus,-36.241111,-5.79825,2015,portalbio
Desmodus rotundus,-36.204444,-5.832278,2015,portalbio
Desmodus rotundus,-36.215472,-5.765472,2015,portalbio
Desmodus rotundus,-51.255831,-23.448056,2015,portalbio
Desmodus rotundus,-46.788856,-23.415289,2015,portalbio
Desmodus rotundus,-45.773889,-20.420556,2014,portalbio
Desmodus rotundus,-45.771944,-20.416667,2014,portalbio
Desmodus rotundus,-45.657778,-20.366667,2014,portalbio
Desmodus rotundus,-45.664719,-20.356942,2014,portalbio
Desmodus rotundus,-52.5,-22.266667,2011,portalbio
Desmodus rotundus,-37.652419,-5.573042,2015,portalbio
Desmodus rotundus,-43.711303,-22.775833,2014,portalbio
Desmodus rotundus,-48.19395,-21.779511,2013,portalbio
Desmodus rotundus,-55.794714,-19.142142,2015,portalbio
Desmodus rotundus,-55.794714,-19.142142,2016,portalbio
Desmodus rotundus,-37.280222,-8.48725,2015,portalbio
Desmodus rotundus,-37.280222,-8.48725,2015,portalbio
Desmodus rotundus,-37.280222,-8.48725,2016,portalbio
Desmodus rotundus,-37.280222,-8.48725,2016,portalbio
Desmodus rotundus,-44.82551,-2.11811,2015,portalbio
Desmodus rotundus,-48.52817,-2.80368,2015,portalbio
Desmodus rotundus,-54.920278,-2.886111,2015,portalbio
Desmodus rotundus,-67.733789,-9.938539,2015,portalbio
Desmodus rotundus,-67.733789,-9.938539,2015,portalbio
Desmodus rotundus,-43.995181,-19.615102,2016,portalbio
Desmodus rotundus,-43.995181,-19.615102,2016,portalbio
Desmodus rotundus,-43.99545,-19.614896,2016,portalbio
Desmodus rotundus,-43.995741,-19.614003,2016,portalbio
Desmodus rotundus,-43.997262,-19.61328,2016,portalbio
Desmodus rotundus,-43.99668,-19.613376,2016,portalbio
Desmodus rotundus,-43.99668,-19.613376,2016,portalbio
Desmodus rotundus,-43.99668,-19.613376,2016,portalbio
Desmodus rotundus,-43.99668,-19.613376,2016,portalbio
Desmodus rotundus,-43.99545,-19.614896,2016,portalbio
Desmodus rotundus,-42.043608,-22.428331,2016,portalbio
Desmodus rotundus,-42.043608,-22.428331,2016,portalbio
Desmodus rotundus,-51.003056,-30.351389,2008,portalbio
Desmodus rotundus,-51.003056,-30.351389,2008,portalbio
Desmodus rotundus,-51.003056,-30.351389,2008,portalbio
Desmodus rotundus,-51.003056,-30.351389,2008,portalbio
Desmodus rotundus,-51.103333,-30.235556,2008,portalbio
Desmodus rotundus,-48.260556,-23.098333,2015,portalbio
Desmodus rotundus,-48.127222,-22.789444,2015,portalbio
Desmodus rotundus,-48.445,-22.885833,2015,portalbio
Desmodus rotundus,-52.027778,-27.234167,2015,portalbio
Desmodus rotundus,-49.378333,-26.25,2014,portalbio
Desmodus rotundus,-49.378333,-26.25,2015,portalbio
Desmodus rotundus,-49.378333,-26.25,2015,portalbio
Desmodus rotundus,-50.313972,-25.852606,2011,portalbio
Desmodus rotundus,-50.313972,-25.852606,2012,portalbio
Desmodus rotundus,-53.466667,-22.25,2015,portalbio
Desmodus rotundus,-53.466667,-22.25,2015,portalbio
Desmodus rotundus,-53.466667,-22.25,2016,portalbio
Desmodus rotundus,-53.466667,-22.25,2016,portalbio
Desmodus rotundus,-43.266667,-21.55,2009,portalbio
Desmodus rotundus,-68.541667,-2.8825,2015,portalbio
Desmodus rotundus,-43.266667,-21.55,2009,portalbio
Desmodus rotundus,-43.266667,-21.55,2009,portalbio
Desmodus rotundus,-68.887778,-3.030556,2015,portalbio
Desmodus rotundus,-43.266667,-21.55,2009,portalbio
